,City,Lat,Lng,Max Temp,Humidity,Cloud Coverage,Wind Speed,Country,Date
0,bethel,41.37,-73.41,64.99,97.0,100.0,4.94,US,1593842242
1,ust-nera,64.57,143.2,58.24,36.0,98.0,7.56,RU,1593842242
2,avarua,-21.21,-159.78,73.4,94.0,100.0,3.36,CK,1593842243
3,rikitea,-23.12,-134.97,72.0,70.0,12.0,16.04,PF,1593842244
6,bluff,-46.6,168.33,47.53,86.0,100.0,7.87,NZ,1593842245
7,cabo rojo,18.09,-67.15,82.0,88.0,21.0,1.99,PR,1593842246
8,padang,-0.95,100.35,85.55,68.0,80.0,4.7,ID,1593842247
9,peace river,56.25,-117.29,51.8,87.0,90.0,11.41,CA,1593842247
10,coihaique,-45.58,-72.07,28.4,92.0,20.0,2.01,CL,1593842248
11,henties bay,-22.12,14.28,73.0,25.0,0.0,1.01,NA,1593842249
12,albany,42.6,-73.97,68.0,90.0,78.0,2.39,US,1593842071
13,nizhniy kuranakh,58.84,125.49,65.1,56.0,100.0,8.34,RU,1593842250
14,ushuaia,-54.8,-68.3,28.4,100.0,90.0,2.24,AR,1593842250
15,moose factory,51.26,-80.61,53.6,93.0,90.0,2.24,CA,1593842251
16,havoysund,71.0,24.66,44.6,87.0,75.0,4.7,NO,1593842252
17,punta arenas,-53.15,-70.92,33.8,94.0,100.0,2.24,CL,1593842252
18,mataura,-46.19,168.86,43.5,92.0,100.0,4.18,NZ,1593842253
19,nuzvid,16.78,80.85,82.4,83.0,75.0,11.41,IN,1593842253
20,fort nelson,58.81,-122.7,55.4,87.0,90.0,4.7,CA,1593842254
21,dingle,11.0,122.67,87.48,66.0,42.0,4.29,PH,1593842255
22,kudahuvadhoo,2.67,72.89,84.42,68.0,96.0,6.89,MV,1593842255
23,bredasdorp,-34.53,20.04,42.8,93.0,68.0,2.24,ZA,1593842256
24,kavaratti,10.57,72.64,87.8,74.0,20.0,11.41,IN,1593842256
25,mvuma,-19.28,30.53,53.74,65.0,0.0,12.59,ZW,1593842257
26,sovetskiy,61.36,63.58,74.7,40.0,0.0,4.47,RU,1593842258
27,busselton,-33.65,115.33,68.0,38.0,77.0,15.05,AU,1593842209
28,khatanga,71.97,102.5,65.1,32.0,0.0,14.52,RU,1593841986
29,cherskiy,68.75,161.3,62.83,44.0,95.0,8.48,RU,1593842260
30,mar del plata,-38.0,-57.56,48.99,93.0,75.0,9.17,AR,1593842216
31,vizinga,61.07,50.1,71.01,70.0,100.0,8.41,RU,1593842261
32,faanui,-16.48,-151.75,80.44,81.0,31.0,11.81,PF,1593842261
33,jamestown,42.1,-79.24,71.6,78.0,75.0,1.59,US,1593842195
34,kapaa,22.08,-159.32,78.8,74.0,75.0,12.75,US,1593842263
35,blairmore,49.6,-114.44,55.0,76.0,1.0,8.05,CA,1593842263
36,belaya gora,68.53,146.42,41.38,90.0,100.0,8.99,RU,1593842061
37,pacific grove,36.62,-121.92,57.99,87.0,1.0,3.36,US,1593842150
38,vaini,-21.2,-175.2,69.8,68.0,40.0,9.17,TO,1593842265
39,lalsk,60.74,47.59,69.69,85.0,100.0,6.44,RU,1593842266
40,santa fe,-31.63,-60.7,51.01,83.0,0.0,4.0,AR,1593842266
42,vaitape,-16.52,-151.75,81.27,79.0,29.0,11.9,PF,1593842268
43,san patricio,19.22,-104.7,76.91,80.0,32.0,3.87,MX,1593842268
44,dikson,73.51,80.55,52.05,65.0,68.0,11.48,RU,1593842269
45,tuktoyaktuk,69.45,-133.04,37.4,93.0,90.0,24.16,CA,1593842270
46,nikolskoye,59.7,30.79,64.99,63.0,20.0,6.71,RU,1593842270
47,atuona,-9.8,-139.03,79.88,74.0,6.0,22.35,PF,1593842271
48,touros,-5.2,-35.46,73.4,94.0,75.0,4.7,BR,1593842271
49,hailar,49.2,119.7,82.51,30.0,56.0,7.78,CN,1593842272
50,new norfolk,-42.78,147.06,55.0,76.0,97.0,3.0,AU,1593842273
51,port hardy,50.7,-127.42,57.2,76.0,75.0,4.7,CA,1593842273
53,haines junction,60.75,-137.51,61.63,43.0,85.0,2.44,CA,1593842274
54,dzaoudzi,-12.79,45.27,80.6,69.0,75.0,19.46,YT,1593842275
55,kaeo,-35.1,173.78,55.0,3.0,98.0,5.75,NZ,1593842276
56,port alfred,-33.59,26.89,57.99,57.0,44.0,1.99,ZA,1593842276
57,hay river,60.82,-115.8,55.4,100.0,90.0,3.36,CA,1593842277
58,santa eulalia,-11.85,-76.68,59.0,87.0,20.0,4.7,PE,1593842277
59,korla,41.76,86.15,91.56,15.0,49.0,12.62,CN,1593842254
60,tiksi,71.69,128.87,34.54,94.0,90.0,14.61,RU,1593842279
62,hilo,19.73,-155.09,78.8,74.0,90.0,10.29,US,1593842120
63,mezen,65.85,44.24,64.08,82.0,91.0,7.27,RU,1593842280
65,hermanus,-34.42,19.23,55.94,54.0,78.0,11.54,ZA,1593842282
66,tabuk,17.42,121.44,89.01,61.0,85.0,4.09,PH,1593842282
67,saldanha,-33.01,17.94,41.0,86.0,60.0,1.12,ZA,1593842283
68,kumbo,6.2,10.67,61.23,93.0,91.0,1.19,CM,1593842284
69,east london,-33.02,27.91,50.0,71.0,2.0,6.93,ZA,1593842284
70,saint-philippe,-21.36,55.77,73.4,60.0,64.0,6.93,RE,1593842285
71,lincoln,40.8,-96.67,77.0,73.0,1.0,3.36,US,1593841671
72,glazov,58.14,52.66,73.26,65.0,80.0,6.04,RU,1593842063
74,upernavik,72.79,-56.15,36.25,91.0,100.0,12.1,GL,1593842287
75,konevo,62.12,39.32,66.43,51.0,81.0,6.24,RU,1593842288
76,guilin,25.28,110.29,89.6,62.0,20.0,2.24,CN,1593842288
77,udachnyy,66.42,112.4,51.8,57.0,90.0,11.18,RU,1593842289
78,talnakh,69.49,88.4,71.6,35.0,89.0,20.13,RU,1593842290
79,clyde river,70.47,-68.59,42.8,81.0,90.0,9.17,CA,1593842290
80,georgetown,5.41,100.34,89.6,66.0,20.0,4.7,MY,1593842132
81,duluth,46.78,-92.11,66.99,82.0,1.0,3.36,US,1593842167
82,vila,42.03,-8.16,55.0,88.0,63.0,1.99,PT,1593842292
83,chokurdakh,70.63,147.92,41.95,84.0,100.0,14.83,RU,1593842293
84,butaritari,3.07,172.79,83.8,68.0,74.0,10.16,KI,1593842293
86,shimoda,34.67,138.95,77.0,94.0,75.0,17.22,JP,1593842295
87,victoria,22.29,114.16,89.01,66.0,100.0,10.83,HK,1593842222
88,port elizabeth,-33.92,25.57,44.6,93.0,52.0,2.24,ZA,1593842296
89,coahuayana,18.73,-103.68,75.43,83.0,25.0,3.2,MX,1593842296
90,takoradi,4.88,-1.76,76.3,87.0,91.0,12.08,GH,1593842297
91,port-gentil,-0.72,8.78,75.2,94.0,90.0,11.41,GA,1593842298
92,araouane,18.9,-3.53,89.04,12.0,0.0,5.32,ML,1593842298
93,minab,27.15,57.08,98.6,56.0,2.0,2.24,IR,1593842299
94,demidov,55.27,31.52,66.65,84.0,90.0,4.74,RU,1593842300
95,doha,25.29,51.53,108.0,29.0,0.0,18.34,QA,1593842300
96,kalmunai,7.42,81.82,89.28,54.0,98.0,4.25,LK,1593842301
98,castro,-24.79,-50.01,40.5,96.0,7.0,3.76,BR,1593842302
99,sisimiut,66.94,-53.67,47.91,65.0,26.0,11.21,GL,1593842303
100,havre-saint-pierre,50.23,-63.6,55.4,82.0,75.0,4.7,CA,1593842303
102,sistranda,63.73,8.83,50.0,87.0,75.0,9.17,NO,1593842304
104,jilib,0.49,42.79,81.25,66.0,88.0,10.51,SO,1593842306
105,mabaruma,8.2,-59.78,73.85,98.0,79.0,2.93,GY,1593842306
106,kodar,16.98,79.97,80.15,77.0,99.0,12.15,IN,1593842307
107,broome,42.25,-75.83,68.0,93.0,1.0,6.93,US,1593842308
108,novyy urengoy,66.08,76.63,59.16,87.0,100.0,16.71,RU,1593842308
109,balatonkenese,47.04,18.11,64.4,72.0,30.0,4.7,HU,1593842309
110,hobart,-42.88,147.33,55.0,76.0,75.0,6.93,AU,1593842101
111,cabo san lucas,22.89,-109.91,82.0,68.0,68.0,1.01,MX,1593842033
112,plettenberg bay,-34.05,23.37,56.59,42.0,33.0,3.89,ZA,1593842311
113,thompson,55.74,-97.86,60.8,82.0,5.0,5.26,CA,1593842311
114,lakatoro,-16.1,167.42,78.8,78.0,75.0,3.36,VU,1593842312
115,esperance,-33.87,121.9,62.6,59.0,74.0,17.22,AU,1593842313
116,bilibino,68.05,166.44,56.21,40.0,99.0,21.0,RU,1593842028
118,the valley,18.22,-63.06,82.4,74.0,40.0,9.17,AI,1593842314
119,yellowknife,62.46,-114.35,57.99,100.0,90.0,11.41,CA,1593842315
120,oranjemund,-28.55,16.43,55.69,66.0,0.0,4.83,NA,1593842316
121,lompoc,34.64,-120.46,57.2,93.0,90.0,3.36,US,1593842086
122,vilhena,-12.74,-60.15,67.5,69.0,67.0,1.72,BR,1593842317
123,nome,64.5,-165.41,46.0,93.0,90.0,6.93,US,1593842072
124,westlock,54.15,-113.87,57.2,82.0,40.0,4.7,CA,1593842318
125,barrow,71.29,-156.79,39.2,86.0,1.0,16.11,US,1593842318
126,cape town,-33.93,18.42,52.0,93.0,70.0,6.93,ZA,1593842319
127,saint-leu,-21.15,55.28,73.4,60.0,67.0,6.93,RE,1593842319
128,hovd,48.01,91.64,77.23,23.0,56.0,6.73,MN,1593842320
129,leningradskiy,69.38,178.42,50.13,51.0,92.0,9.37,RU,1593842321
130,cidreira,-30.18,-50.21,50.04,76.0,0.0,12.88,BR,1593842321
132,narsaq,60.92,-46.05,51.8,34.0,37.0,12.75,GL,1593842322
133,mahebourg,-20.41,57.7,69.8,83.0,40.0,12.75,MU,1593842323
134,constitucion,-35.33,-72.42,49.21,83.0,68.0,2.59,CL,1593842323
135,jojoima,7.88,-10.79,71.47,98.0,99.0,2.37,SL,1593842324
136,metro,-5.11,105.31,84.61,74.0,44.0,8.75,ID,1593842325
138,inuvik,68.35,-133.72,44.6,93.0,90.0,11.41,CA,1593842300
139,tuatapere,-46.13,167.68,48.22,88.0,100.0,4.47,NZ,1593842326
140,jaynagar-majilpur,22.18,88.42,93.2,79.0,40.0,6.93,IN,1593842327
141,dunedin,-45.87,170.5,46.99,84.0,100.0,12.53,NZ,1593842327
142,upata,8.01,-62.4,71.94,93.0,99.0,4.29,VE,1593842328
143,lebu,-37.62,-73.65,47.01,80.0,1.0,5.86,CL,1593842329
144,lagoa,39.05,-27.98,67.86,91.0,33.0,4.81,PT,1593842329
145,port lincoln,-34.73,135.87,56.48,77.0,91.0,10.89,AU,1593842281
146,eureka,40.8,-124.16,57.2,71.0,1.0,6.93,US,1593842145
147,redlands,34.06,-117.18,79.0,39.0,1.0,3.36,US,1593842331
148,nouadhibou,20.93,-17.03,66.2,93.0,0.0,12.75,MR,1593842331
149,vardo,70.37,31.11,48.56,94.0,100.0,15.37,NO,1593842332
150,provideniya,64.38,-173.3,49.51,69.0,71.0,6.33,RU,1593842332
151,leh,34.17,77.58,62.82,29.0,3.0,7.27,IN,1593842333
152,ajaccio,42.0,8.92,64.4,63.0,29.0,6.93,FR,1593842334
153,ilulissat,69.22,-51.1,41.0,86.0,0.0,4.7,GL,1593842334
155,mangrol,21.12,70.12,88.18,72.0,92.0,14.43,IN,1593842335
157,xiongzhou,25.12,114.3,91.54,57.0,100.0,5.14,CN,1593842337
158,brownwood,31.71,-98.99,82.99,47.0,1.0,7.92,US,1593842337
159,goure,13.98,10.27,78.01,68.0,51.0,5.01,NE,1593842338
160,yotoco,3.86,-76.38,68.0,82.0,75.0,4.7,CO,1593842339
161,vila velha,-20.33,-40.29,70.0,88.0,40.0,9.17,BR,1593842339
162,ust-tsilma,65.44,52.15,73.65,47.0,56.0,7.83,RU,1593842340
164,shelburne,44.08,-80.2,64.4,93.0,1.0,2.24,CA,1593842341
165,ewa beach,21.32,-158.01,82.4,61.0,20.0,5.82,US,1593842170
166,bull savanna,17.89,-77.59,76.01,87.0,28.0,7.9,JM,1593842342
167,winnemucca,40.97,-117.74,69.8,18.0,1.0,11.41,US,1593842140
168,saint-ambroise,48.55,-71.33,59.0,67.0,40.0,5.82,CA,1593842343
169,sun valley,39.6,-119.78,70.0,23.0,1.0,10.29,US,1593842344
170,batagay-alyta,67.8,130.41,43.2,82.0,100.0,17.72,RU,1593842344
171,tasiilaq,65.61,-37.64,46.4,76.0,93.0,1.63,GL,1593842345
173,lavrentiya,65.58,-171.0,48.34,68.0,35.0,6.46,RU,1593842346
174,santa rosalia,27.32,-112.28,83.01,53.0,0.0,7.31,MX,1593842346
175,lorengau,-2.02,147.27,83.7,78.0,9.0,9.82,PG,1593842347
176,esmeraldas,-19.76,-44.31,60.8,87.0,5.0,4.7,BR,1593842194
177,college,64.86,-147.8,69.8,52.0,75.0,5.82,US,1593842348
178,bengkulu,-3.8,102.27,85.5,65.0,95.0,7.83,ID,1593842349
179,hithadhoo,-0.6,73.08,85.24,69.0,89.0,11.43,MV,1593842349
180,hit,33.64,42.83,104.86,9.0,0.0,10.6,IQ,1593842350
181,ancud,-41.87,-73.82,44.01,100.0,40.0,10.29,CL,1593842351
182,kautokeino,69.01,23.04,44.85,88.0,100.0,15.32,NO,1593842351
183,naze,28.37,129.48,84.2,89.0,75.0,17.22,JP,1593842352
184,maxixe,-23.86,35.35,69.06,68.0,54.0,3.51,MZ,1593842352
185,archidona,37.1,-4.39,73.0,93.0,0.0,1.99,ES,1593842353
187,sampit,-2.53,112.95,90.61,50.0,31.0,3.31,ID,1593842354
188,mount gambier,-37.83,140.77,53.6,87.0,90.0,17.22,AU,1593842355
189,bar harbor,44.39,-68.2,57.0,100.0,90.0,4.7,US,1593842355
191,airai,-8.93,125.41,62.08,98.0,66.0,6.53,TL,1593842357
192,hasaki,35.73,140.83,81.0,74.0,75.0,16.11,JP,1593842357
193,primorsk,46.73,36.34,81.55,55.0,0.0,12.73,UA,1593842358
195,sitka,57.05,-135.33,55.4,87.0,75.0,8.05,US,1593842359
196,roald,62.58,6.13,53.01,76.0,1.0,5.82,NO,1593842360
197,chuy,-33.7,-53.46,43.48,88.0,69.0,7.94,UY,1593842360
198,severo-kurilsk,50.68,156.12,50.43,81.0,96.0,7.14,RU,1593842361
199,lac du bonnet,50.25,-96.06,70.0,99.0,5.0,3.22,CA,1593842362
200,puerto ayora,-0.74,-90.35,69.01,94.0,84.0,4.0,EC,1593842362
201,souillac,-20.52,57.52,69.8,83.0,40.0,12.75,MU,1593842363
202,kruisfontein,-34.0,24.73,50.07,50.0,63.0,5.39,ZA,1593842363
204,quepos,9.42,-84.17,69.8,94.0,100.0,6.93,CR,1593842365
205,nanortalik,60.14,-45.24,40.98,86.0,32.0,9.01,GL,1593842365
207,manono,-7.3,27.42,73.78,35.0,33.0,11.7,CD,1593842366
208,imeni poliny osipenko,52.42,136.49,72.37,66.0,97.0,5.66,RU,1593842367
209,kigorobya,1.62,31.31,70.54,68.0,83.0,2.04,UG,1593842368
211,kahului,20.89,-156.47,82.4,58.0,40.0,11.41,US,1593842216
212,baker city,44.77,-117.83,60.01,54.0,1.0,6.93,US,1593842369
213,kodiak,57.79,-152.41,69.8,64.0,75.0,9.17,US,1593842370
214,ugoofaaru,5.67,73.0,83.57,75.0,100.0,8.39,MV,1593842371
215,cayenne,4.93,-52.33,75.2,100.0,75.0,4.5,GF,1593842371
216,sao joao da barra,-21.64,-41.05,67.21,85.0,94.0,7.61,BR,1593842372
217,hambantota,6.12,81.12,87.8,70.0,40.0,18.34,LK,1593842373
218,peniche,39.36,-9.38,60.01,89.0,0.0,5.01,PT,1593842373
219,morro bay,35.37,-120.85,59.0,94.0,9.0,3.02,US,1593842365
220,lokosovo,61.13,74.82,71.87,52.0,96.0,12.73,RU,1593842374
221,carnarvon,-24.87,113.63,86.0,15.0,7.0,12.75,AU,1593842375
222,kungurtug,50.6,97.52,75.15,35.0,70.0,7.9,RU,1593842376
223,nagram,26.62,81.13,87.8,84.0,75.0,9.17,IN,1593842376
224,guarapari,-20.67,-40.5,70.0,88.0,40.0,9.17,BR,1593842377
225,flin flon,54.77,-101.86,62.46,83.0,0.0,5.19,CA,1593842377
226,avenal,36.0,-120.13,79.0,40.0,1.0,10.29,US,1593842378
227,bolgar,54.95,49.07,80.6,57.0,50.0,6.71,RU,1593842379
228,gilgit,35.92,74.31,85.48,19.0,8.0,4.74,PK,1593842379
229,baiquan,47.58,126.08,79.14,63.0,93.0,8.05,CN,1593842380
230,saint-augustin,51.23,-58.65,47.28,88.0,58.0,3.53,CA,1593842380
231,richards bay,-28.78,32.04,63.99,74.0,41.0,5.84,ZA,1593842381
232,hamilton,39.18,-84.53,75.2,88.0,1.0,2.64,US,1593842382
233,kimbe,-5.55,150.14,83.26,68.0,96.0,8.01,PG,1593842382
234,sao jose da coroa grande,-8.9,-35.15,73.08,81.0,16.0,2.84,BR,1593842383
235,faya,18.39,42.45,77.0,38.0,35.0,9.17,SA,1593842383
236,bud,39.45,-86.18,73.0,90.0,0.0,5.32,US,1593842384
237,hervey bay,-25.3,152.85,70.0,38.0,0.0,7.0,AU,1593842385
238,qaanaaq,77.48,-69.36,37.87,77.0,97.0,2.28,GL,1593842385
240,ushtobe,45.25,77.98,80.02,27.0,97.0,11.97,KZ,1593842386
241,wanaka,-44.7,169.15,42.91,83.0,100.0,3.6,NZ,1593842387
242,beaverlodge,55.22,-119.44,51.8,81.0,75.0,4.7,CA,1593842388
243,alofi,-19.06,-169.92,73.4,78.0,99.0,12.75,NU,1593842388
244,mocuba,-16.84,36.99,63.41,82.0,44.0,3.42,MZ,1593842389
245,northam,51.03,-4.22,60.01,99.0,100.0,11.01,GB,1593842390
246,bardiyah,31.76,25.09,77.07,68.0,0.0,9.04,LY,1593842390
247,pisco,-13.7,-76.22,57.0,93.0,20.0,4.7,PE,1593842391
248,olinda,-8.01,-34.86,73.4,83.0,20.0,2.24,BR,1593842391
249,husavik,66.04,-17.34,35.6,100.0,0.0,3.36,IS,1593842392
250,labuhan,-6.88,112.21,85.78,56.0,0.0,8.1,ID,1593842393
251,divnogorsk,55.96,92.36,78.8,54.0,85.0,4.47,RU,1593842393
252,guerrero negro,27.98,-114.06,68.29,77.0,0.0,11.72,MX,1593842394
253,vagur,61.47,-6.81,50.27,84.0,49.0,19.77,FO,1593842395
254,badin,24.66,68.84,103.3,34.0,100.0,11.88,PK,1593842395
255,arraial do cabo,-22.97,-42.03,67.71,75.0,66.0,10.07,BR,1593842361
256,poum,-20.23,164.02,70.77,71.0,80.0,8.77,NC,1593842396
257,ribeira grande,38.52,-28.7,68.52,90.0,66.0,2.68,PT,1593842397
258,santa isabel do rio negro,-0.41,-65.02,71.89,98.0,42.0,0.96,BR,1593842398
259,hami,42.8,93.45,96.64,10.0,2.0,3.56,CN,1593842398
260,barabai,-2.58,115.38,89.35,61.0,38.0,2.71,ID,1593842200
261,pevek,69.7,170.31,47.97,53.0,100.0,10.51,RU,1593842399
262,tres arroyos,-38.37,-60.28,42.87,94.0,100.0,5.93,AR,1593842400
264,vestmannaeyjar,63.44,-20.27,47.26,75.0,93.0,21.07,IS,1593842401
265,zeya,53.75,127.27,78.6,27.0,100.0,7.25,RU,1593842402
266,konya,38.17,32.5,77.0,33.0,0.0,6.38,TR,1593842403
267,gornopravdinsk,60.05,69.9,75.6,35.0,15.0,6.17,RU,1593842403
268,marawi,8.0,124.29,84.0,75.0,39.0,3.0,PH,1593842404
269,bururi,-3.85,29.63,60.75,69.0,19.0,7.85,BI,1593842405
270,porto novo,6.5,2.6,78.8,88.0,40.0,14.99,BJ,1593842405
271,geraldton,-28.77,114.6,77.0,27.0,92.0,20.8,AU,1593842406
272,fallon,39.47,-118.78,75.2,17.0,1.0,8.05,US,1593842126
273,owando,-0.48,15.9,72.21,93.0,42.0,4.97,CG,1593842407
274,port blair,11.67,92.75,83.86,78.0,100.0,19.35,IN,1593842408
276,bac lieu,9.29,105.72,82.38,72.0,100.0,8.7,VN,1593842409
277,iqaluit,63.75,-68.51,42.8,70.0,75.0,2.24,CA,1593842410
278,taos,36.41,-105.57,68.0,49.0,1.0,18.34,US,1593842121
279,annau,37.89,58.52,84.2,12.0,0.0,2.24,TM,1593842411
280,acapulco,16.86,-99.89,78.89,77.0,32.0,4.18,MX,1593842358
281,bambous virieux,-20.34,57.76,72.0,83.0,40.0,12.75,MU,1593842412
282,paamiut,61.99,-49.67,40.06,88.0,0.0,8.52,GL,1593842413
283,sinop,41.77,34.87,77.0,83.0,0.0,3.36,TR,1593842413
284,ginda,30.69,78.49,84.2,79.0,90.0,3.36,IN,1593842414
285,lengshuitan,26.41,111.6,93.18,58.0,96.0,8.25,CN,1593842414
286,laguna,38.42,-121.42,69.8,49.0,1.0,5.82,US,1593842415
287,alamos,27.02,-108.93,77.85,74.0,100.0,3.87,MX,1593842416
289,waipawa,-41.41,175.52,53.6,81.0,62.0,18.34,NZ,1593842417
291,sao filipe,14.9,-24.5,74.39,87.0,76.0,2.93,CV,1593842418
292,te anau,-45.42,167.72,45.55,92.0,100.0,3.11,NZ,1593842419
293,sayyan,15.17,44.32,74.19,31.0,80.0,13.49,YE,1593842419
296,alice springs,-23.7,133.88,60.8,41.0,100.0,14.99,AU,1593842259
299,bowen,-20.02,148.23,77.0,44.0,15.0,9.17,AU,1593842423
300,necochea,-38.55,-58.74,43.0,98.0,98.0,7.4,AR,1593842424
301,kushiro,42.98,144.37,57.2,100.0,75.0,8.05,JP,1593842424
302,pokhara,28.23,83.98,77.11,79.0,97.0,3.13,NP,1593842425
303,vanimo,-2.67,141.3,85.42,62.0,3.0,6.87,PG,1593842426
304,sabang,5.89,95.32,83.52,73.0,72.0,0.76,ID,1593842426
305,machali,-34.18,-70.67,48.15,87.0,100.0,2.55,CL,1593842427
306,lata,40.16,-8.33,57.99,94.0,0.0,3.49,PT,1593842428
307,fortuna,40.6,-124.16,55.0,87.0,1.0,5.82,US,1593842428
308,turukhansk,65.82,87.98,82.36,43.0,45.0,18.23,RU,1593842429
309,sinnamary,5.38,-52.95,76.87,88.0,87.0,6.93,GF,1593842430
310,iguai,-14.76,-40.09,64.92,93.0,24.0,1.39,BR,1593842430
311,atar,20.52,-13.05,88.43,23.0,0.0,8.19,MR,1593842431
312,nuristan,35.3,70.83,57.02,36.0,1.0,8.23,AF,1593842431
313,kirakira,-10.45,161.92,81.63,78.0,28.0,9.98,SB,1593842432
314,lashio,22.93,97.75,72.21,98.0,100.0,1.54,MM,1593842433
315,rhyl,53.32,-3.49,61.0,87.0,100.0,4.0,GB,1593842433
316,yulara,-25.24,130.99,62.6,33.0,95.0,14.99,AU,1593842434
317,kaitangata,-46.28,169.85,48.0,79.0,100.0,1.99,NZ,1593842434
318,raipur,21.23,81.63,82.4,83.0,75.0,5.82,IN,1593842435
320,strelka,58.07,93.03,90.43,41.0,24.0,3.94,RU,1593842436
321,fairbanks,64.84,-147.72,69.8,56.0,90.0,5.82,US,1593842402
322,north myrtle beach,33.82,-78.68,77.0,94.0,20.0,7.02,US,1593842401
323,emerald,-23.53,148.17,72.0,24.0,8.0,10.29,AU,1593842438
324,malanje,-9.54,16.34,57.16,51.0,0.0,8.59,AO,1593842439
325,andapa,-14.65,49.65,66.6,89.0,96.0,1.83,MG,1593842439
326,utete,-7.99,38.76,76.55,66.0,53.0,5.1,TZ,1593842440
327,comodoro rivadavia,-45.87,-67.5,39.2,86.0,75.0,14.99,AR,1593842441
328,cabedelo,-6.98,-34.83,75.11,85.0,6.0,10.85,BR,1593842441
329,teixeira,-7.22,-37.25,62.44,93.0,17.0,6.78,BR,1593842442
331,pangai,-19.8,-174.35,73.4,64.0,75.0,13.87,TO,1593842443
332,jawhar,2.78,45.5,81.3,60.0,71.0,19.64,SO,1593842444
333,bridlington,54.08,-0.19,60.8,93.0,99.0,11.41,GB,1593842444
334,gisborne,-38.65,178.0,46.99,65.0,98.0,1.99,NZ,1593842445
335,otane,-39.88,176.63,46.0,79.0,82.0,2.13,NZ,1593842446
336,arco,45.92,10.89,68.0,83.0,84.0,3.89,IT,1593842446
337,bandarbeyla,9.49,50.81,85.66,50.0,100.0,30.78,SO,1593842447
338,shar,49.59,81.05,73.44,43.0,97.0,13.33,KZ,1593842448
339,mino,34.83,135.47,84.2,94.0,75.0,13.87,JP,1593842448
340,kuryk,43.2,51.65,89.06,14.0,0.0,9.86,KZ,1593842449
341,luderitz,-26.65,15.16,59.0,37.0,0.0,3.36,NA,1593842450
342,puerto escondido,15.85,-97.07,78.31,79.0,41.0,5.7,MX,1593842450
343,kavieng,-2.57,150.8,83.89,70.0,61.0,3.62,PG,1593842451
344,bonavista,48.65,-53.11,41.0,87.0,9.0,1.01,CA,1593842451
345,presidencia roque saenz pena,-26.79,-60.44,47.8,76.0,0.0,7.2,AR,1593842452
346,saskylakh,71.92,114.08,58.77,48.0,59.0,14.92,RU,1593842453
348,tura,25.52,90.22,84.42,84.0,96.0,3.04,IN,1593842454
349,tiznit,29.58,-9.5,71.49,47.0,13.0,1.16,MA,1593842370
350,kununurra,-15.77,128.73,86.0,26.0,79.0,17.22,AU,1593842455
351,nakasongola,1.31,32.46,73.53,66.0,76.0,3.74,UG,1593842303
352,palencia,42.42,-4.5,55.0,87.0,0.0,3.0,ES,1593842456
353,bhadra,29.12,75.17,109.96,19.0,9.0,11.43,IN,1593842457
354,merthyr tydfil,51.75,-3.38,59.0,95.0,100.0,5.99,GB,1593842458
355,maumere,-8.62,122.21,83.82,63.0,22.0,5.06,ID,1593842458
356,honningsvag,70.98,25.97,46.78,90.0,100.0,12.19,NO,1593842459
357,cockburn town,21.46,-71.14,82.78,84.0,2.0,16.8,TC,1593842460
358,filingue,14.35,3.32,87.01,53.0,100.0,20.11,NE,1593842460
359,san cristobal,7.77,-72.22,66.13,92.0,100.0,3.44,VE,1593842461
360,carballo,43.21,-8.69,57.0,93.0,44.0,1.12,ES,1593842461
361,innisfail,-17.53,146.03,71.83,70.0,0.0,9.04,AU,1593842419
362,tonj,7.27,28.68,76.33,82.0,15.0,3.96,SS,1593842463
363,fuyang,32.9,115.82,84.99,62.0,60.0,8.12,CN,1593842463
364,worthington,40.09,-83.02,75.99,69.0,1.0,3.36,US,1593842458
366,lusambo,-4.97,23.45,71.94,42.0,0.0,3.78,CD,1593842344
367,verkhoyansk,67.54,133.38,56.35,47.0,88.0,22.53,RU,1593842466
368,tilichiki,60.47,166.1,44.82,96.0,100.0,7.54,RU,1593842466
369,florennes,50.25,4.61,60.01,76.0,99.0,9.17,BE,1593842467
370,rota,36.62,-6.36,66.99,82.0,0.0,5.82,ES,1593842468
371,vila franca do campo,37.72,-25.43,62.6,88.0,20.0,4.7,PT,1593842468
372,sur,22.57,59.53,94.05,48.0,0.0,6.08,OM,1593842469
373,gunnedah,-30.98,150.25,51.8,57.0,40.0,13.87,AU,1593842469
374,yerbogachen,61.28,108.01,65.28,46.0,27.0,8.08,RU,1593842470
375,longyearbyen,78.22,15.64,41.0,75.0,75.0,13.87,SJ,1593842407
376,ucluelet,48.93,-125.55,55.0,93.0,100.0,5.99,CA,1593842325
377,estevan,49.13,-102.98,77.0,78.0,90.0,9.17,CA,1593842472
378,olga,43.74,135.29,74.41,61.0,100.0,6.96,RU,1593842472
379,kinlochleven,56.71,-4.97,52.0,96.0,100.0,3.44,GB,1593842473
380,gryfice,53.92,15.2,66.2,63.0,87.0,9.17,PL,1593842364
381,gimli,50.63,-96.99,70.0,99.0,45.0,1.54,CA,1593842474
382,torbay,47.67,-52.73,46.99,87.0,90.0,2.24,CA,1593842475
383,simpang,-1.27,104.08,85.1,74.0,100.0,5.41,ID,1593842476
384,namie,37.48,141.0,71.01,95.0,100.0,7.83,JP,1593842476
385,rodrigues alves,-7.74,-72.65,70.18,97.0,100.0,1.57,BR,1593842477
386,ternate,0.8,127.4,83.03,71.0,14.0,3.62,ID,1593842388
387,malibu,34.01,-118.81,64.99,94.0,0.0,6.69,US,1593842478
388,chipinge,-20.19,32.62,55.2,86.0,49.0,5.48,ZW,1593842479
389,rugby,52.37,-1.26,62.01,91.0,100.0,1.99,GB,1593842443
390,conde,-7.26,-34.91,71.08,92.0,0.0,8.99,BR,1593842480
392,san antonio,29.42,-98.49,84.2,69.0,1.0,6.93,US,1593842360
393,nampula,-15.12,39.27,62.6,93.0,20.0,12.75,MZ,1593842482
394,sechura,-5.56,-80.82,64.02,79.0,84.0,9.73,PE,1593842482
395,khor,47.89,134.95,80.42,72.0,75.0,10.94,RU,1593842483
396,macaubas,-13.02,-42.7,66.45,72.0,40.0,3.31,BR,1593842440
397,nizwa,22.93,57.53,96.94,33.0,7.0,2.28,OM,1593842484
398,charters towers,-20.1,146.27,73.96,42.0,0.0,14.72,AU,1593842485
399,kutum,14.2,24.67,83.57,30.0,89.0,4.9,SD,1593842485
400,dali,25.7,100.18,73.92,69.0,96.0,3.27,CN,1593842486
401,praia da vitoria,38.73,-27.07,66.2,88.0,75.0,3.11,PT,1593842487
402,iralaya,15.0,-83.23,80.33,89.0,100.0,8.63,HN,1593842487
403,meulaboh,4.14,96.13,87.73,60.0,50.0,6.49,ID,1593842488
404,hofn,64.25,-15.21,43.07,70.0,100.0,7.63,IS,1593842488
406,half moon bay,37.46,-122.43,62.6,55.0,1.0,4.47,US,1593842490
407,saint-pierre,-21.34,55.48,73.4,60.0,69.0,6.93,RE,1593842402
408,phayao,19.25,100.25,81.61,75.0,100.0,7.29,TH,1593842491
409,teodoro sampaio,-22.53,-52.17,50.18,80.0,0.0,5.5,BR,1593842492
410,tomatlan,19.93,-105.25,75.47,86.0,41.0,1.57,MX,1593842492
411,marzuq,14.4,46.47,86.92,31.0,96.0,2.89,YE,1593842493
412,ixtapa,20.7,-105.2,82.4,83.0,75.0,1.45,MX,1593842493
413,johor bahru,1.47,103.76,93.0,59.0,75.0,9.17,MY,1593842223
414,qui nhon,13.77,109.23,91.49,56.0,80.0,6.89,VN,1593842495
415,dwarka,22.24,68.97,90.09,68.0,53.0,10.92,IN,1593842495
416,champerico,14.3,-91.92,78.78,82.0,82.0,5.12,GT,1593842401
417,usinsk,65.99,57.53,68.99,56.0,0.0,3.6,RU,1593842363
418,kabalo,-6.05,26.92,73.74,39.0,10.0,8.68,CD,1593842497
419,akyab,20.15,92.9,83.34,84.0,100.0,13.65,MM,1593842498
420,muskegon,43.3,-86.13,75.2,64.0,1.0,6.93,US,1593842349
421,coquimbo,-29.95,-71.34,50.0,93.0,9.0,4.7,CL,1593842315
422,ketchikan,55.34,-131.65,55.4,82.0,90.0,5.82,US,1593842500
423,ahipara,-35.17,173.17,52.21,76.0,53.0,6.64,NZ,1593842500
424,saint-joseph,-21.37,55.62,73.4,60.0,62.0,6.93,RE,1593842501
425,san quintin,30.48,-115.95,66.16,84.0,0.0,10.42,MX,1593842501
427,mapiripan,2.89,-72.13,72.12,95.0,99.0,1.3,CO,1593842503
428,tete,-16.16,33.59,55.4,82.0,20.0,6.6,MZ,1593842418
429,ballsh,40.6,19.73,81.41,49.0,3.0,2.71,AL,1593842504
430,high rock,26.62,-78.28,84.79,71.0,74.0,13.51,BS,1593842504
431,bonthe,7.53,-12.51,75.83,90.0,89.0,9.35,SL,1593842505
432,shumskiy,54.83,99.13,88.83,34.0,0.0,3.74,RU,1593842506
433,bathsheba,13.22,-59.52,80.6,78.0,75.0,18.34,BB,1593842506
434,alugan,12.22,125.48,83.44,78.0,98.0,8.72,PH,1593842323
435,taltal,-25.4,-70.48,54.97,80.0,44.0,2.01,CL,1593842508
437,muscat,23.61,58.59,95.0,67.0,26.0,4.7,OM,1593842320
438,christchurch,-43.53,172.63,50.0,87.0,87.0,9.17,NZ,1593842373
439,san andres,12.58,-81.7,82.4,83.0,75.0,9.17,CO,1593842416
441,khandyga,62.67,135.6,68.43,56.0,68.0,4.43,RU,1593842511
442,moron,-34.65,-58.62,52.0,75.0,99.0,10.0,AR,1593842315
443,kieta,-6.22,155.63,83.17,76.0,69.0,8.21,PG,1593842512
444,alto araguaia,-17.31,-53.22,62.73,68.0,14.0,5.88,BR,1593842513
445,omboue,-1.57,9.26,72.75,88.0,89.0,4.7,GA,1593842514
446,chirnogi,44.12,26.57,80.01,70.0,0.0,7.99,RO,1593842514
447,rauma,61.13,21.51,60.8,67.0,67.0,9.17,FI,1593842515
449,biabou,13.2,-61.13,82.4,78.0,40.0,20.8,VC,1593842516
450,smithers,54.78,-127.17,55.4,87.0,90.0,2.24,CA,1593842259
451,nhulunbuy,-12.23,136.77,82.4,51.0,40.0,20.8,AU,1593842517
452,vostok,46.49,135.88,78.62,44.0,41.0,7.0,RU,1593842518
453,umm kaddadah,13.6,26.69,86.74,44.0,2.0,10.96,SD,1593842519
454,boke,10.94,-14.3,74.44,95.0,99.0,2.35,GN,1593842519
455,havelock,34.88,-76.9,80.6,61.0,1.0,9.17,US,1593842520
456,kindu,-2.95,25.95,74.79,50.0,0.0,3.62,CD,1593842520
457,trairi,-3.28,-39.27,76.21,85.0,50.0,8.81,BR,1593842521
459,rosetta,31.4,30.42,80.6,74.0,0.0,4.7,EG,1593842522
460,cap-aux-meules,47.38,-61.86,59.79,86.0,46.0,17.31,CA,1593842523
461,tazmalt,36.39,4.4,73.4,78.0,40.0,3.36,DZ,1593842524
462,xining,36.62,101.77,74.16,26.0,100.0,2.8,CN,1593842369
463,honiara,-9.43,159.95,89.6,66.0,20.0,11.41,SB,1593842525
464,caravelas,-17.71,-39.25,70.47,92.0,2.0,1.36,BR,1593842525
465,shetpe,44.17,52.12,88.61,12.0,0.0,2.95,KZ,1593842526
466,marrakesh,31.63,-8.01,68.0,72.0,0.0,6.93,MA,1593842455
467,nuuk,64.18,-51.72,37.4,100.0,51.0,5.82,GL,1593842525
468,abha,18.22,42.51,77.0,38.0,27.0,9.17,SA,1593842510
469,les herbiers,46.87,-1.02,59.0,87.0,51.0,5.82,FR,1593842403
470,ilo,-17.64,-71.34,57.34,77.0,13.0,1.92,PE,1593842266
472,lask,51.59,19.13,70.0,82.0,39.0,2.24,PL,1593842362
473,scarborough,54.28,-0.4,60.01,92.0,99.0,4.0,GB,1593842417
474,ponta do sol,32.67,-17.1,68.0,60.0,40.0,18.34,PT,1593842532
475,sindor,62.86,51.89,71.19,56.0,100.0,6.42,RU,1593842532
476,nishihara,26.18,127.76,87.8,70.0,75.0,12.75,JP,1593842533
477,veraval,20.9,70.37,86.81,75.0,99.0,14.92,IN,1593842533
478,ludvika,60.15,15.19,51.01,93.0,100.0,5.82,SE,1593842534
479,coos bay,43.37,-124.22,55.4,93.0,1.0,4.7,US,1593842468
480,vanavara,60.34,102.28,79.88,34.0,59.0,6.71,RU,1593842263
481,augusto correa,-1.02,-46.63,72.7,97.0,5.0,2.59,BR,1593842536
482,grand gaube,-20.01,57.66,72.0,78.0,52.0,8.99,MU,1593842536
483,luanda,-8.84,13.23,71.01,84.0,94.0,5.77,AO,1593842303
484,franca,-20.54,-47.4,54.66,72.0,0.0,4.12,BR,1593842538
485,iquitos,-3.75,-73.25,70.97,98.0,92.0,0.96,PE,1593842463
486,ambovombe,-25.17,46.08,68.16,73.0,2.0,1.7,MG,1593842539
487,barcelos,41.54,-8.62,62.01,100.0,48.0,3.56,PT,1593842539
488,vangaindrano,-23.35,47.6,68.5,80.0,3.0,1.81,MG,1593842540
489,brigantine,39.41,-74.36,73.4,88.0,1.0,3.36,US,1593842258
490,chaman,30.92,66.45,96.8,9.0,0.0,11.7,PK,1593842541
491,ascension,30.22,-90.9,75.2,94.0,59.0,2.35,US,1593842542
492,anloga,5.79,0.9,77.0,94.0,75.0,11.41,GH,1593842269
493,winburg,-28.52,27.01,40.12,59.0,0.0,0.63,ZA,1593842543
494,altamira,-3.2,-52.21,70.81,97.0,26.0,3.27,BR,1593842544
495,mantua,45.17,10.78,70.0,83.0,78.0,5.99,IT,1593842544
496,tigil,57.8,158.67,59.67,50.0,49.0,11.72,RU,1593842545
498,broadstairs,51.36,1.44,62.01,84.0,100.0,10.0,GB,1593842546
499,lawrenceburg,38.04,-84.9,71.6,83.0,1.0,4.56,US,1593842547
500,nortelandia,-14.45,-56.8,65.37,70.0,0.0,0.67,BR,1593842547
501,kuldur,49.22,131.63,85.17,34.0,0.0,9.66,RU,1593842548
502,digha,21.68,87.55,91.24,62.0,86.0,10.16,IN,1593842549
503,san juan,-31.54,-68.54,50.38,47.0,0.0,14.5,AR,1593842549
504,yeppoon,-23.13,150.73,73.4,20.0,0.0,14.99,AU,1593842550
505,saravena,6.95,-71.88,70.52,91.0,100.0,3.91,CO,1593842551
506,klaksvik,62.23,-6.59,48.2,76.0,85.0,5.82,FO,1593842551
507,xiaoweizhai,26.19,107.51,83.16,70.0,96.0,9.91,CN,1593842552
508,wilmington,34.23,-77.94,77.0,88.0,1.0,4.7,US,1593841967
509,pangnirtung,66.15,-65.71,47.61,59.0,0.0,0.13,CA,1593842553
510,baruun-urt,46.68,113.28,76.26,40.0,36.0,7.27,MN,1593842554
511,masty,53.41,24.54,59.0,100.0,75.0,4.47,BY,1593842555
512,ankang,32.68,109.02,88.16,58.0,59.0,3.98,CN,1593842389
513,baherden,38.44,57.43,87.19,12.0,0.0,9.4,TM,1593842556
514,deputatskiy,69.3,139.9,44.82,63.0,97.0,14.25,RU,1593842276
515,krasnoselkup,65.7,82.47,79.43,60.0,100.0,5.93,RU,1593842557
517,farah,32.5,62.5,92.77,10.0,17.0,10.63,AF,1593842558
518,hobyo,5.35,48.53,82.33,58.0,90.0,24.7,SO,1593842559
519,muhos,64.81,25.99,57.99,67.0,4.0,8.05,FI,1593842559
520,bay city,43.59,-83.89,71.6,78.0,1.0,3.36,US,1593842336
521,saint george,37.1,-113.58,86.0,27.0,1.0,13.87,US,1593842309
522,kendari,-3.94,122.5,80.31,85.0,79.0,5.86,ID,1593842561
523,lluta,-16.01,-72.01,38.95,60.0,1.0,0.6,PE,1593842562
524,quatre cocos,-20.21,57.76,72.0,83.0,40.0,12.75,MU,1593842562
525,dhidhdhoo,6.88,73.1,83.61,77.0,100.0,11.36,MV,1593842563
526,namibe,-15.2,12.15,72.18,36.0,0.0,11.36,AO,1593842564
527,robertsport,6.75,-11.37,76.5,87.0,85.0,10.18,LR,1593842564
529,la ronge,55.1,-105.28,59.0,82.0,20.0,2.24,CA,1593842566
530,jumla,29.27,82.18,73.99,93.0,28.0,5.39,NP,1593842566
531,khash,28.22,61.22,98.13,9.0,0.0,16.67,IR,1593842567
532,mogadishu,2.04,45.34,78.8,69.0,75.0,9.17,SO,1593842567
533,mayumba,-3.43,10.66,72.09,90.0,72.0,3.89,GA,1593842568
534,margate,51.38,1.39,62.01,88.0,100.0,7.0,GB,1593842569
535,namatanai,-3.67,152.43,81.23,77.0,90.0,9.78,PG,1593842569
537,virginia beach,36.85,-75.98,78.01,83.0,1.0,5.82,US,1593841971
538,sorong,-0.88,131.25,83.48,73.0,1.0,5.59,ID,1593842571
539,ust-maya,60.42,134.53,63.64,80.0,69.0,4.36,RU,1593842572
540,den helder,52.96,4.76,61.0,93.0,75.0,27.51,NL,1593842573
541,akhtubinsk,48.28,46.17,86.45,24.0,0.0,7.0,RU,1593842573
542,codrington,-38.27,141.97,54.23,87.0,90.0,16.69,AU,1593842574
543,vao,-22.67,167.48,69.62,74.0,10.0,17.31,NC,1593842574
544,maturin,9.75,-63.18,72.27,97.0,90.0,3.53,VE,1593842575
545,linxia,35.6,103.21,76.21,38.0,90.0,2.15,CN,1593842576
546,cap malheureux,-19.98,57.61,72.0,78.0,57.0,8.99,MU,1593842576
547,mehamn,71.04,27.85,47.37,91.0,100.0,15.86,NO,1593842577
548,verkhnyaya inta,65.98,60.31,69.64,55.0,2.0,8.52,RU,1593842578
549,mutis,6.23,-77.4,77.77,85.0,100.0,7.27,CO,1593842578
550,sangar,63.92,127.47,71.19,30.0,14.0,4.88,RU,1593842579
551,hualmay,-11.1,-77.61,59.02,82.0,19.0,3.4,PE,1593842579
552,durban,-29.86,31.03,61.0,80.0,2.0,5.99,ZA,1593842300
553,belen,36.49,36.22,82.4,61.0,0.0,6.93,TR,1593842581
554,carutapera,-1.2,-46.02,75.45,91.0,15.0,5.88,BR,1593842581
555,paka,4.64,103.44,87.8,79.0,40.0,4.7,MY,1593842582
556,muncar,-8.43,114.33,83.1,64.0,37.0,10.29,ID,1593842583
557,mackay,-21.15,149.2,75.0,64.0,0.0,13.87,AU,1593842583
559,pingxiang,27.62,113.85,82.71,86.0,100.0,3.83,CN,1593842353
560,russell,32.35,-85.2,75.2,94.0,1.0,3.42,US,1593842585
561,miraflores,19.22,-98.81,62.6,67.0,90.0,9.17,MX,1593842586
562,siniscola,40.57,9.69,71.6,56.0,20.0,13.87,IT,1593842586
563,conceicao do araguaia,-8.26,-49.26,70.29,65.0,0.0,0.96,BR,1593842587
564,gewane,10.17,40.65,87.57,42.0,11.0,20.8,ET,1593842588
567,rio grande,-32.03,-52.1,46.27,80.0,3.0,9.37,BR,1593842475
569,svetlyy,54.67,20.13,64.4,82.0,35.0,11.18,RU,1593842591
570,trinidad,-14.83,-64.9,57.83,74.0,2.0,3.65,BO,1593842316
571,lujan,-34.57,-59.1,50.0,81.0,97.0,8.01,AR,1593842592
572,kushmurun,52.45,64.63,71.19,52.0,1.0,4.25,KZ,1593842593
573,marsa matruh,31.35,27.25,73.4,88.0,40.0,9.17,EG,1593842593
574,maceio,-9.67,-35.74,66.2,100.0,1.0,3.36,BR,1593842405
575,portland,45.52,-122.68,62.6,67.0,75.0,8.05,US,1593841841
576,andenes,69.31,16.12,48.2,81.0,60.0,5.82,NO,1593842595
577,rawson,-43.3,-65.1,40.33,75.0,7.0,14.9,AR,1593842310
578,seoul,37.57,126.98,84.2,42.0,20.0,5.82,KR,1593842496
579,joshimath,30.57,79.57,74.32,49.0,83.0,5.46,IN,1593842597
580,kirensk,57.79,108.11,80.82,27.0,48.0,7.87,RU,1593842598
581,caramay,10.18,119.24,85.35,69.0,58.0,5.14,PH,1593842598
582,salalah,17.02,54.09,82.4,88.0,90.0,9.17,OM,1593842599
583,shieli,44.17,66.75,85.44,24.0,3.0,15.21,KZ,1593842600
584,progreso,21.28,-89.67,77.0,88.0,75.0,4.94,MX,1593842600
585,kadambur,8.98,77.87,89.6,59.0,75.0,10.29,IN,1593842601
586,luangwa,-15.62,30.42,65.16,65.0,7.0,8.05,ZM,1593842601
587,boden,65.83,21.69,53.6,71.0,51.0,5.82,SE,1593842602
588,roebourne,-20.78,117.13,86.32,25.0,0.0,15.26,AU,1593842602
589,katsuura,35.13,140.3,82.4,69.0,75.0,28.86,JP,1593842603
590,sao gabriel da cachoeira,-0.13,-67.09,71.74,98.0,27.0,1.12,BR,1593842604
591,matara,5.95,80.54,84.02,76.0,61.0,10.42,LK,1593842604
592,sabya,17.15,42.63,95.0,47.0,40.0,4.7,SA,1593842419
593,aktash,50.3,87.73,64.38,32.0,3.0,3.6,RU,1593842606
594,phan thiet,10.93,108.1,87.66,67.0,22.0,11.5,VN,1593842309
595,avera,33.19,-82.53,77.0,94.0,1.0,4.7,US,1593842607
596,tsumeb,-19.23,17.72,51.6,43.0,0.0,13.35,NA,1593842608
597,ouro fino,-22.28,-46.37,50.41,70.0,0.0,4.32,BR,1593842608
598,ust-ilimsk,58.0,102.66,87.04,28.0,0.0,7.72,RU,1593842609
599,sobolevo,54.43,31.9,67.46,88.0,100.0,3.6,RU,1593842609
600,bozoum,6.32,16.38,71.2,89.0,94.0,2.19,CF,1593842610
601,tucurui,-3.77,-49.67,73.74,81.0,14.0,3.67,BR,1593842611
602,port-cartier,50.03,-66.87,55.0,93.0,75.0,5.82,CA,1593842611
603,sylva,58.03,56.76,73.4,60.0,58.0,2.24,RU,1593842612
604,nikolo-pavlovskoye,57.78,60.06,71.4,55.0,1.0,4.16,RU,1593842613
605,tessalit,20.2,1.01,86.81,12.0,32.0,9.91,ML,1593842524
606,caraballeda,10.61,-66.85,71.01,83.0,22.0,9.08,VE,1593842614
607,tyukhtet,56.54,89.3,72.95,85.0,100.0,6.85,RU,1593842615
608,raudeberg,61.99,5.14,55.0,70.0,0.0,5.77,NO,1593842615
